globe cloud service,http://business.globe.com.ph/solutions/cloud-solutions,0
globe cloud storage,http://business.globe.com.ph/solutions/cloud-solutions,40
globe cloud payroll,http://business.globe.com.ph/solutions/globe-managed-payroll-services,0
cloud solutions for businesses,http://business.globe.com.ph/solutions/cloud-solutions,0
cloud solutions companies,http://business.globe.com.ph/solutions/cloud-solutions,10
leading cloud computing companies,http://business.globe.com.ph/solutions/cloud-solutions,10
cloud computing companies,http://business.globe.com.ph/solutions/cloud-solutions,30
top fleet management companies,http://business.globe.com.ph/solutions/m2m-solutions,10
globe business postpaid plans,http://www.globe.com.ph/postpaid,10
globe my business postpaid,https://mybusiness.globe.com.ph/mobile/mybusiness-postpaid,10
corporate postpaid plans,http://business.globe.com.ph/,10
globe mybusiness postpaid plan,https://mybusiness.globe.com.ph/mobile/mybusiness-postpaid,40
mybusiness postpaid plan all unli,https://mybusiness.globe.com.ph/mobile/mybusiness-postpaid,0
mybusiness postpaid plan 999,https://mybusiness.globe.com.ph/mobile/mybusiness-postpaid,0
globe mybusiness wifi hub,https://mybusiness.globe.com.ph/wifihub,20
globe mybusiness community,https://mybusinesscommunity.globe.com.ph/,0
globe mybusiness contact number,http://www.globe.com.ph/contactus,0
globe mybusiness plan 989,https://mybusiness.globe.com.ph/mobile/mybusiness-postpaid,0
globe mybusiness logo,https://mybusiness.globe.com.ph/,20
mybusiness postpaid plan globe,https://mybusiness.globe.com.ph/mobile/mybusiness-postpaid,10
globe business broadband plan,https://mybusiness.globe.com.ph/internet,10
globe broadband business bundle,https://mybusiness.globe.com.ph/internet/mybusiness-wireless-internet,10
business sip trunk provider,https://business.globe.com.ph/solutions/business-voice-solutions/sip-trunk,0
globelines landline,https://mybusiness.globe.com.ph/landline,110
globelines dsl,https://mybusiness.globe.com.ph/internet,170
globelines plan,http://business.globe.com.ph/solutions/business-voice-solutions/globelines,70
globelines postpaid,http://business.globe.com.ph/solutions/business-voice-solutions/globelines,20
globe broadband prepaid,http://tattoo.globe.com.ph/,390
globe telecom business,http://business.globe.com.ph/,10
globe internet business plans,http://business.globe.com.ph/,10
hosted pbx services,http://business.globe.com.ph/solutions/business-voice-solutions/managed-ip-pbx,10
business hosted pbx,http://business.globe.com.ph/solutions/business-voice-solutions/managed-ip-pbx,0
hosted pbx providers,http://business.globe.com.ph/solutions/business-voice-solutions/managed-ip-pbx,10
video conferencing solutions for business,http://business.globe.com.ph/solutions/collaboration-solutions/globe-telepresence,10
web conferencing services,http://business.globe.com.ph/solutions/collaboration-solutions/globe-web-conferencing,10
best web conferencing services,http://business.globe.com.ph/solutions/collaboration-solutions/globe-web-conferencing,0
voice conferencing solutions,http://business.globe.com.ph/solutions/collaboration-solutions/globe-audio-conferencing,10
audio conferencing services,http://business.globe.com.ph/solutions/collaboration-solutions/globe-audio-conferencing,10
globe business internet package,https://mybusiness.globe.com.ph/internet,10
globe business internet plans,https://mybusiness.globe.com.ph/internet,10
globe business internet connection,https://mybusiness.globe.com.ph/internet,0
business managed it services,http://business.globe.com.ph/solutions/globe-managed-it-services,0
gps fleet management solutions,http://business.globe.com.ph/solutions/m2m-solutions,10
business payroll solutions,http://business.globe.com.ph/solutions/globe-managed-payroll-services,10
corporate payroll solutions,http://business.globe.com.ph/solutions/globe-managed-payroll-services,10
