iphone 6 replacement screen,https://community.globe.com.ph/thread/78949,10
iphone 6 replacement camera,https://community.globe.com.ph/thread/78949,10
iphone 6 replacement battery,https://community.globe.com.ph/thread/78949,10
iphone 6 replacement glass,https://community.globe.com.ph/thread/78949,10
iphone 6 replacement screen kit,https://community.globe.com.ph/thread/78949,0
iphone 6 plus replacement screen,https://community.globe.com.ph/thread/78949,10
globe iphone 6 replacement,https://community.globe.com.ph/thread/78949,0
iphone 6 battery replacement cost,https://community.globe.com.ph/thread/78949,10
iphone 6 battery replacement price,https://community.globe.com.ph/thread/80113,10
iphone 6 plus battery replacement,https://community.globe.com.ph/thread/78949,10
iphone 5 battery replacement,https://community.globe.com.ph/thread/80113,880
iphone 5 replacement battery ebay,https://community.globe.com.ph/thread/80113,10
iphone 5 replacement battery amazon,https://community.globe.com.ph/thread/80113,10
iphone 5 replacement battery kit,https://community.globe.com.ph/thread/80113,10
iphone 5 replacement battery high capacity,https://community.globe.com.ph/thread/80113,10
how to activate globe postpaid plan sim,https://community.globe.com.ph/thread/43401,0
globe postpaid sim activation how long,https://community.globe.com.ph/thread/43402,30
how to activate globe postpaid sim card,https://community.globe.com.ph/thread/43403,70
globe postpaid sim not yet activated,https://community.globe.com.ph/thread/43404,10
how to activate new globe postpaid sim,https://community.globe.com.ph/thread/43405,20
how to activate my globe postpaid sim,https://community.globe.com.ph/thread/43406,20
globe postpaid sim only,https://community.globe.com.ph/thread/80606,320
globe postpaid sim hack,https://www.globe.com.ph/press-room/globe-alerts-public,0
globe postpaid sim lte,https://community.globe.com.ph/thread/80606,40
globe postpaid sim no signal,https://community.globe.com.ph/thread/73514,10
globe postpaid sim card only,https://community.globe.com.ph/thread/80606,50
globe postpaid sim for sale,-,20
globe postpaid sim replacement,https://community.globe.com.ph/thread/73430,20
how to activate spotify premium in globe postpaid,https://community.globe.com.ph/thread/74947,30
how to activate spotify premium free trial,https://community.globe.com.ph/thread/74947,10
how to activate spotify premium globe prepaid,https://community.globe.com.ph/thread/74947,10
how to activate spotify premium globe plan,https://community.globe.com.ph/thread/74947,0
spotify premium globe hack,https://www.globe.com.ph/press-room/globe-alerts-public,30
spotify premium globe promo,https://community.globe.com.ph/thread/74704,10
spotify premium globe 129,https://community.globe.com.ph/thread/79970,20
spotify premium globe register,https://community.globe.com.ph/thread/74704,20
hooq globe activation code,https://community.globe.com.ph/thread/87080,40
how to call globe landline to cell phone,https://community.globe.com.ph/thread/53097,40
how to call cell phone using globe landline,https://community.globe.com.ph/thread/53097,30
how to call landline using cellphone globe,https://community.globe.com.ph/thread/53097,90
how to call globe landline to mobile,https://community.globe.com.ph/thread/53097,10
globe landline and internet promo,https://community.globe.com.ph/thread/73079,20
how to call landline using globe prepaid,https://community.globe.com.ph/thread/53097,10
globe postpaid plan requirements for students,https://community.globe.com.ph/thread/61853,10
requirements for globe postpaid plan 999,https://community.globe.com.ph/thread/75160,20
requirements for globe postpaid plan 499,-,10
globe postpaid plan application requirements,-,30
how to apply globe plan,-,110
how to apply globe plan without credit card,https://community.globe.com.ph/thread/81120,20
how to apply globe plan 499,https://community.globe.com.ph/thread/74476,10
how to apply globe plan 299,-,10
how to apply globe plan iphone 5s,-,10
how to apply globe plan if you are a student,https://community.globe.com.ph/thread/61853,10
how to apply globe plan iphone 6,-,10
how to apply globe plan 999,https://community.globe.com.ph/thread/75160,10
how to apply globe plan online,-,10
laptop installment plan without credit card,https://community.globe.com.ph/thread/81120,30
how to apply globe postpaid plan online,-,0
how to change my wifi password globe broadband,https://community.globe.com.ph/thread/74447,10
how to change wifi password globe broadband aztech,https://community.globe.com.ph/thread/75438,10
how to change wifi password globe broadband prolink,https://community.globe.com.ph/thread/74453,40
how to change wifi password globe broadband huawei,https://community.globe.com.ph/thread/60117,10
how to change wifi password globe dsl,https://community.globe.com.ph/thread/74447,140
how to change wifi password globe pocket wifi,https://community.globe.com.ph/thread/74891,140
how to change wifi password globe wimax,https://community.globe.com.ph/thread/60117,140
how to change wifi password globe tp link,https://community.globe.com.ph/thread/60117,10
how to change wifi password globe lte,https://community.globe.com.ph/thread/60117,140
how to change huawei pocket wifi password globe,https://community.globe.com.ph/thread/60117,90
how to change pocket wifi password globe huawei e5330,https://community.globe.com.ph/thread/60117,210
how to change pocket wifi password globe huawei e5220,https://community.globe.com.ph/thread/60117,90
huawei pocket wifi default password,https://community.globe.com.ph/thread/76900,90
huawei mobile wifi change password,https://community.globe.com.ph/thread/76900,140
how to change my wifi password globe dsl,https://community.globe.com.ph/thread/74447,10
how to change password in globe router,https://community.globe.com.ph/thread/74447,50
how to change password in globe wifi aztech,https://community.globe.com.ph/thread/74447,20
how to change password in globe pocket wifi,https://community.globe.com.ph/thread/74447,210
how to change password in globe lte,https://community.globe.com.ph/thread/74447,10
how to change password in globe wimax,https://community.globe.com.ph/thread/74447,20
how to reset globe wimax password,https://community.globe.com.ph/thread/74447,0
