globe broadband dsl,http://tattoo.globe.com.ph/products/home-broadband-plans,320
globe broadband wimax,http://tattoo.globe.com.ph/products/home-broadband-plans,140
globe broadband prepaid,http://tattoo.globe.com.ph/lte-prepaid-sim.html,390
globe broadband hotline,https://www.globe.com.ph/contactus,720
globe broadband unlisurf,http://tattoo.globe.com.ph/promos/gosurf,110
globe broadband customer service hotline,https://www.globe.com.ph/contactus,40
globe broadband wifi,http://tattoo.globe.com.ph/products/mobile-wifi,90
globe broadband speed test,http://tlc2-speedtest.globe.com.ph/,90
globe tattoo prepaid,http://tattoo.globe.com.ph/lte-prepaid-sim.html,1000
globe tattoo unlimited internet,http://tattoo.globe.com.ph/promos/gosurf,320
globe tattoo unlisurf,http://tattoo.globe.com.ph/promos/gosurf,880
globe broadband internet,http://tattoo.globe.com.ph/products/home-broadband-plans,260
globe tattoo unlimited,http://tattoo.globe.com.ph/promos/gosurf,70
globe tattoo hack,https://www.globe.com.ph/press-room/globe-alerts-public,480
globe tattoo 4g,http://tattoo.globe.com.ph/the-power-of-4g,90
globe internet plan 999,http://tattoo.globe.com.ph/products/home-broadband-plans,320
globe internet promo,https://www.globe.com.ph/gosurf50,8100
globe dsl,http://tattoo.globe.com.ph/dsl-pedal.html,3600
globe internet connection,https://www.globe.com.ph/internet,260
globe mobile internet,https://www.globe.com.ph/surf,720
globe prepaid internet,https://www.globe.com.ph/gosurf50,2900
globe internet settings,https://www.globe.com.ph/surf/tools/data-settings,1300
globe internet landline,http://tattoo.globe.com.ph/home-landline.html,70
globe internet broadband wireless,http://tattoo.globe.com.ph/products/home-broadband-plans,0
globe internet broadband promo,http://tattoo.globe.com.ph/products/home-broadband-plans,10
globe internet broadband plans,http://tattoo.globe.com.ph/products/home-broadband-plans,10
globe broadband faq,http://tattoo.globe.com.ph/products/home-broadband-plans#faqs,0
topics globe broadband,http://tattoo.globe.com.ph/help,0
globe broadband problems,http://tattoo.globe.com.ph/help,10
globe broadband support,http://tattoo.globe.com.ph/help,10
globe telecom down,http://tattoo.globe.com.ph/help,0
globe telecom registering to supersurf promo problem,http://tattoo.globe.com.ph/help,0
globe tattoo help center,http://tattoo.globe.com.ph/help,0
globe tattoo pocket wifi,http://tattoo.globe.com.ph/products/mobile-wifi,5400
globe tattoo change password,http://tattoo.globe.com.ph/dsl-basic-troubleshooting,390
globe tattoo promo,http://tattoo.globe.com.ph/help,1900
globe tattoo hotline,https://www.globe.com.ph/contactus,480
globe tattoo superstick,http://tattoo.globe.com.ph/help,50
globe broadband hack,http://tattoo.globe.com.ph/help,260
globe broadband wifi setup,http://tattoo.globe.com.ph/modem-installation-guide,10
globe wifi your home,http://tattoo.globe.com.ph/products/home-broadband-plans,10
globe wifi router price,http://tattoo.globe.com.ph/products/home-broadband-plans,50
globe broadband wifi change password,http://tattoo.globe.com.ph/dsl-basic-troubleshooting,30
globe wimax promo,http://tattoo.globe.com.ph/products/home-broadband-plans,20
globe broadband wifi default password,http://tattoo.globe.com.ph/dsl-basic-troubleshooting,0
globe broadband wifi settings,http://tattoo.globe.com.ph/dsl-basic-troubleshooting,10
globe broadband wifi password,http://tattoo.globe.com.ph/dsl-basic-troubleshooting,10
globe wifi router,http://tattoo.globe.com.ph/products/home-broadband-plans,210
globe internet and landline,http://tattoo.globe.com.ph/products/home-broadband-plans,20
globe internet and landline bundle,http://tattoo.globe.com.ph/products/home-broadband-plans,10
globe internet and landline application,http://tattoo.globe.com.ph/broadbandbundles,0
globe internet and landline promos,http://tattoo.globe.com.ph/products/home-broadband-plans,10
globe internet and landline plans,http://tattoo.globe.com.ph/products/home-broadband-plans,10
globe internet broadband,http://tattoo.globe.com.ph/products/home-broadband-plans,40
globe internet landline plan,http://tattoo.globe.com.ph/products/home-broadband-plans,10
globe internet landline package,http://tattoo.globe.com.ph/products/home-broadband-plans,10
globe internet landline bundle,http://tattoo.globe.com.ph/products/home-broadband-plans,20
globe internet landline number,https://www.globe.com.ph/contactus,0
globe internet landline promo,http://tattoo.globe.com.ph/products/home-broadband-plans,10
globe internet with landline and wifi,http://tattoo.globe.com.ph/products/home-broadband-plans,10
globe internet plus landline,http://tattoo.globe.com.ph/products/home-broadband-plans,20
globe landline and internet hotline,https://www.globe.com.ph/contactus,10
