globe telecom customer service,https://www.globe.com.ph/contactus,720
globe telecom promo,https://www.globe.com.ph/choose-your-promo,390
globe cell phone plans,http://www.globe.com.ph/postpaid,70
globe unli plan,http://www.globe.com.ph/postpaid,90
globe iphone 6 plan 1799,http://www.globe.com.ph/postpaid/iphone-6/offers,210
globe iphone 6 prepaid,http://www.globe.com.ph/postpaid/iphone-6/offers,50
globe iphone 6 price,http://www.globe.com.ph/postpaid/iphone-6/offers,140
globe iphone 6 plan 999,http://www.globe.com.ph/postpaid/iphone-6/offers,50
globe iphone 6 promo,http://www.globe.com.ph/postpaid/iphone-6/offers,90
globe iphone 6 plan requirements,http://www.globe.com.ph/postpaid/iphone-6/offers,70
globe iphone 6 plan 1299,http://www.globe.com.ph/postpaid/iphone-6/offers,140
globe iphone 6 plan cash out,http://www.globe.com.ph/postpaid/iphone-6/offers,30
globe iphone 6 plus,http://www.globe.com.ph/postpaid/iphone-6-plus/offers,590
use globe faq roaming postpaid,https://www.globe.com.ph/help/roaming/about-international-roaming,0
globe postpaid hotline,https://www.globe.com.ph/contactus,880
postpaid roaming globe,https://www.globe.com.ph/international/roaming-postpaid,30
globe postpaid activation,https://www.globe.com.ph/mobile/form-check-activation-status,70
how to activate roaming globe postpaid,http://www.globe.com.ph/international/roaming-postpaid,50
power roam globe,https://www.globe.com.ph/international/roaming-postpaid,10
globe bill inquiry,https://www.globe.com.ph/form-check-outstanding-balance,210
globe samsung s6 faq,https://www.globe.com.ph/help/postpaid/samsung-galaxy-s6-pre-order,0
globe samsung s6 help,https://www.globe.com.ph/help/postpaid/samsung-galaxy-s6-pre-order,0
globe roaming help,https://www.globe.com.ph/help/roaming/about-international-roaming,0
globe roaming promo,https://www.globe.com.ph/help/roaming/promos,260
globe roaming charges,https://www.globe.com.ph/help/roaming/promos,70
globe roaming sim,http://www.globe.com.ph/help/roaming/groam,260
globe roaming hotline,https://www.globe.com.ph/contactus,210
globe roaming did not activate,http://www.globe.com.ph/international/roaming-postpaid,10
globe roaming instructions,https://www.globe.com.ph/help/roaming/about-international-roaming,10
globe roaming rates prepaid,https://www.globe.com.ph/help/roaming/charges,20
globe mylifestyle plan help,www.globe.com.ph/postpaid/mylifestyleplan,0
globe mylifestyle plan requirements,www.globe.com.ph/postpaid/mylifestyleplan,0
globe mylifestyle plan review,www.globe.com.ph/postpaid/mylifestyleplan,20
globe hooq faq,https://www.globe.com.ph/help/postpaid/hooq,0
globe iphone 5s faq,http://www.globe.com.ph/help/iphone,0
globe iphone 6 faq,https://www.globe.com.ph/help/iphone6,0
globe samsung galaxy s6 faq,https://www.globe.com.ph/help/postpaid/samsung-galaxy-s6-pre-order,0
globe nba league pass faq,https://www.globe.com.ph/help/nba-league-pass,0
globe mylifestyle plan faq,https://www.globe.com.ph/help/postpaid/mylifestyle-plan,0
globe fup faq,http://www.globe.com.ph/help/data/fup,0
globe fair usage policy faq,http://www.globe.com.ph/help/data/fup,0
globe surfalert faq,https://www.globe.com.ph/help/data-and-network/surfalert,0
globe roaming faq,https://www.globe.com.ph/help/roaming/about-international-roaming,0
globe hooq help,https://www.globe.com.ph/help/postpaid/hooq,0
globe iphone 5s help,http://www.globe.com.ph/help/iphone,0
globe iphone 6 help,https://www.globe.com.ph/help/iphone6,0
globe samsung galaxy s6 help,https://www.globe.com.ph/help/postpaid/samsung-galaxy-s6-pre-order,0
globe nba league pass help,https://www.globe.com.ph/help/nba-league-pass,0
globe fup help,http://www.globe.com.ph/help/data/fup,0
globe fair usage policy help,http://www.globe.com.ph/help/data/fup,0
globe surfalert help,https://www.globe.com.ph/help/data-and-network/surfalert,0
globe roaming postpaid activate,www.globe.com.ph/international/roaming-postpaid,10
globe roaming postpaid rates,www.globe.com.ph/international/roaming-postpaid,10
globe roaming postpaid charges,www.globe.com.ph/international/roaming-postpaid,0
globe roaming postpaid plans,https://www.globe.com.ph/international/roaming-postpaid,0
globe roaming postpaid promo,https://www.globe.com.ph/international/roaming-postpaid,10
globe postpaid roaming internet,https://www.globe.com.ph/international/roaming-postpaid,0
globe postpaid roaming deactivation,https://www.globe.com.ph/help/user-manual/deactivate-roaming,10
globe postpaid roaming services,www.globe.com.ph/international/roaming-postpaid,0
globe mylifestyle plan iphone 6,https://www.globe.com.ph/help/postpaid/mylifestyle-plan,0
how to activate postpaid globe sim,https://www.globe.com.ph/mobile/form-check-activation-status,30
how to activate postpaid globe sim card,https://www.globe.com.ph/mobile/form-check-activation-status,0
how to activate globe postpaid line,https://www.globe.com.ph/mobile/form-check-activation-status,10
how to activate globe postpaid internet,https://www.globe.com.ph/mobile/form-check-activation-status,0
how to activate globe postpaid lte sim,https://www.globe.com.ph/mobile/form-check-activation-status,20
how to activate globe postpaid plan sim,https://www.globe.com.ph/mobile/form-check-activation-status,0
how to activate globe postpaid roaming,https://www.globe.com.ph/mobile/form-check-activation-status,10
how to reactivate globe postpaid line,https://www.globe.com.ph/mobile/form-check-activation-status,10
how to activate globe postpaid sim,https://www.globe.com.ph/mobile/form-check-activation-status,210
how to activate globe postpaid sim card,https://www.globe.com.ph/mobile/form-check-activation-status,70
globe postpaid line requirements,www.globe.com.ph/postpaid,10
globe postpaid line only plan,www.globe.com.ph/postpaid,0
how to use globe postpaid consumable,https://www.globe.com.ph/help/postpaid/about-mysuperplan,0
globe postpaid sim activation,https://www.globe.com.ph/mobile/form-check-activation-status,70
globe postpaid promos 2012,www.globe.com.ph/postpaid/promos,10
globe postpaid change number,https://www.globe.com.ph/help/user-manual/change-my-mobile-number,20
how to check globe postpaid bill,https://www.globe.com.ph/form-check-outstanding-balance,20
globe postpaid sim card activation,https://www.globe.com.ph/mobile/form-check-activation-status,30
globe combo,https://www.globe.com.ph/help/prepaid/combo-promos,260
globe tipid call,https://www.globe.com.ph/supersaktocalls,50
